p,2918b2f2b8fe0d6f185ec6a2dd79c632,nothing  being bored out of my mind<nl>what u doin?<nl>day off today<nl>u can come over if ya want<nl>wish i was gonna be around<nl>yeah thats really stupid<nl>what can i do to cheer u up?<nl>too bad she is there now or i could give ya some lovin to cheer ya up<nl>so what ya gonna do on your free days?<nl>cool<nl>cool<nl>i am soooooooooo bored right now<nl>,0,,
p,9dc04852863541e939e7c66cf5469240,if u let me what time u be here<nl>i need talk to u<nl>,0,,
p,6f35a1f69fd4ae82056e4bc6a8a84575,where are u cory? i miss u!:(<nl>,0,,
p,c1f43e1c992120a1c460b8ef7d0b4e9b,hi<nl>,0,,
p,d18fb2dc834414a71aace67bee91c432,Cheles i miss you :(. I really enjoy talking to you. I hope your not mad at me for anything :(. Sry i've been so busy lately. I just got stuck doing another final group project and i have to mainly do all the work which really blows. Stupid school! I really really miss you. and i hope you don't think that i'm jsut saying that because i really do. You make me laugh and smile. I hope to talk you you soon again :-D<nl>,0,,
p,ca5496597b7151b9c2414c16c4ef5422,you there?<nl>i've been so busy<nl>sorry<nl>nice pic of you<nl>new pic?<nl>any new pics?<nl>no<nl>no new ones<nl>sorry<nl>it was okay<nl>how was yours?<nl>how did u get back online?<nl>,0,,
p,c62283536cf6261e5ffbcb323c8a2571,ok i'll be on at 8:30<nl>i'm eating to<nl>,0,,
p,aebe7a87ad50fbad92d9931c49cae848,Heey<nl>Feel better?<nl>Good<nl>Felt like eating finaly huh?<nl>Good<nl>Yep<nl>Here too<nl>May be cold this weekend<nl>Me too<nl>Wanna see you in alow top<nl>Great<nl>Not if it's too cold<nl>Cool<nl>I'll bring you a nall cap<nl>ballcap<nl>so your hair don't blow all over<nl>Do you have Sunglasses?<nl>Cool<nl>Hate to see you cover those eyes though<nl>Exotic eyes<nl>Yep<nl>Uh huh<nl>they just beg to be kissed<nl>I do<nl>Lips too<nl>Thanks<nl>They need kissing too<nl>Damn  I have to go on a fire call  will you be on later?<nl>See you then<nl>I'll let you know when I get back so you can call<nl>Bye for now<nl>:-*<nl>,0,,
p,d18fb2dc834414a71aace67bee91c432,:-T<nl>lol<nl>hey there<nl>what brings u on so early?<nl>sitting in ur dungeon all bored are we?<nl>lol<nl>ooo what u studying?<nl>is christy helping?<nl>need help?<nl>lol write down a problem :)<nl>lets see if i can figure it out lol<nl>ooo u want me to let ya finish?<nl>k :)<nl>talk alter<nl>muah<nl>,0,,
p,fb169d16c42ca83583dd05b3f4d7fc98,where you been stranger<nl>leave me a message when you come on if you still wanna talk to me<nl>,0,,
p,d18fb2dc834414a71aace67bee91c432,i tried to call you tonight :(<nl>,0,,
p,0599cd3f7fc15849844468b0702ff593,wow<nl>another day free<nl>,0,,
p,f069dbec9ab3e090972d432db279e3eb,just looking for u<nl>,0,,
p,f069dbec9ab3e090972d432db279e3eb,hey there i hope u had a good night last night...and slept good....i wished we could have chatted longer...i should be on later in the afternoon...hope we can chat then<nl>,0,,
p,afe8ba8af6d0677a79ce0284cb9cc63a,hello beautiful!<nl>,0,,
p,0599cd3f7fc15849844468b0702ff593,hi<nl>,0,,
p,2d08262caa29b1bebeb24e9ad0c60ece,hi Robin<nl>are you there?<nl>i'll be on later on tonight. Look for me ok<nl>kissessssssssss Dan<nl>,0,,
p,89319407d854bb82113349ecf7ce3682,HEY Baby!   how was ur day ?<nl>i am on and off the comp but invis so im me and if im here i will talk back  if not i will hope 2 see ya later tonight!! missed ya today!!<nl>,0,,
p,0599cd3f7fc15849844468b0702ff593,still studying?<nl>just waiting to eat with you<nl>yes<nl>when you finish<nl>as you wish<nl>stil one of her panties<nl>steal<nl>i see<nl>ok<nl>I wish Was there to lay next to you<nl>?<nl>,0,,
p,a03edc2f70bbebc73ef3ba3f06968360,U can still call<nl>,0,,
p,1290ea419856093edf96b1263cb1ca1e,hello<nl>r u there?<nl>,0,,
p,89319407d854bb82113349ecf7ce3682,I miss ya<nl>,0,,
p,80706012f8f9f1175c8e37c306394727,hi<nl>,0,,
p,f069dbec9ab3e090972d432db279e3eb,im back...r u around still<nl>,0,,
p,c1f43e1c992120a1c460b8ef7d0b4e9b,hi<nl>,0,,
p,c62283536cf6261e5ffbcb323c8a2571,hi<nl>good and you<nl>won't be on the web much longer<nl>not worth what i pay for it<nl>crashes all the time<nl>sure and u<nl>have to get a phone number so we can talk<nl>won't be on the web<nl>monday<nl>already got it set up<nl>don't have a regular phone<nl>only a cell phone<nl>name the date and place<nl>ok<nl>,0,,
p,e788b3a47e4d812ed26036a93272c134,awwwwww...i just missed u not to long ago...ok i'll talk to u tomorrow...goodnite baby<nl>,0,,
p,03957f443c7790f9642db14bbc59df11,I'm back. I hope you come back on soon.<nl>,0,,
p,9f1180d3743c2e880a36aaefbb0a80ef,hey my carie bear  i hope i didnt get u scare again. i can b a dumbass sometimes  just worried that something will go wrong and this chance of being 2gether will b gone. i just write a quick one because i have 2 study 4 spanish midterm. just remember this my love I LUV U. hope talk 2 u tomm.  later Ty<nl>,0,,
p,d18fb2dc834414a71aace67bee91c432,than you so much for the bday wish. I miss you too. I had fun tonight. I was safe and sober while all my friends got drunk and i had to drive them around LOL<nl>,0,,
p,926981922f4a48d98ebc92a9375e5d45,hey u<nl>r u here?<nl>hope u getting online soon  im getting sleepy<nl>,0,,
p,a03edc2f70bbebc73ef3ba3f06968360,Yeah kinda<nl>Yay<nl>Did u fall back to sleep<nl>Am up going bathroom gosh lol<nl>Lol i wont<nl>Lol have u been praticeing standing up yet<nl>So u said u would lol<nl>Lol ur silly<nl>No ur silly<nl>Ok<nl>,0,,
p,4ab0a550ebb27f9a95e31ccbf0114850,im soo sorry<nl>you there?<nl>i peed then i had to do something<nl>sorry<nl>so whats up<nl>ah<nl>you ask your parents what time theyll be home?<nl>oh so i gotta be otta there by 8 just to be safe<nl>not really<nl>smashed my thumb<nl>it hurts<nl>hammer<nl>hey ill be back<nl>like 730-8<nl>that ok?<nl>kewl<nl>,0,,
p,a03edc2f70bbebc73ef3ba3f06968360,Kisses<nl>,0,,
p,503343ecf680e0899a3863cc8bf2b9dc,hey<nl>,0,,
p,85346c8846fc694078665377fec333b0,Hi cutie ;)<nl>I'm on now and will be on tomorrow morning around 9:30 ......... miss you ;)<nl>wish you were here :)<nl>Will you be on tomorrow  morning around 9:30 or so ?<nl>,0,,
p,22b43adc75cd94c074892cee0b964eb8,u online?<nl>got disconnected earlier. Hey  I am going on Saturday  I made up up mind<nl>:). Just let me know if you are for sure and all. I'll be online in the morning  not sure about the night  I may pop in to see if you reply. :) It's gonna be soooo great baby.<nl>hey  I'll probably leave at 2 from here  so I should be there close to 6. If you want call me around 5:45 or so. :)<nl>I'll get some condoms. :)<nl>,0,,
p,e4c7c376bbd07aeb4a59684a2b94a664,Hello sexy<nl>how are you?<nl>having a good day?<nl>same<nl>miss me?<nl>absolutely<nl>still want me?<nl>:-)<nl>i have to go<nl>just got on to check if you were here and say hi<nl>love you too<nl>:-*<nl>have a great night and fantastic day tomorrow<nl>,0,,
p,4ab0a550ebb27f9a95e31ccbf0114850,kool<nl>sure<nl>its been planed for awhile<nl>ill ttyl sweety<nl>nite<nl>,0,,
p,80706012f8f9f1175c8e37c306394727,yeah im here<nl>im not going to be able to come see you<nl>i just cant do it<nl>im sorry<nl>nothing against you at all...its just the age thing<nl>your perfect<nl>i know it sucks<nl>of course<nl>its not that<nl>i dont know what to say  i was looking forward to seeing you<nl>just cant do it<nl>i just made my mind up last night<nl>i know....i know your pissed  but i hope you can understand from my end<nl>believe me nothing would be more fun<nl>but i have to live with it<nl>i know<nl>im sorry it really sucks for me too<nl>u can to if thats what u want<nl>i hope we can still be friends<nl>huh<nl>i told you i would be here and give you my decision and i am<nl>least give me some credit<nl>i will talk to you later if u want to talk...im gonna go for a bit though<nl>im sooo sorry please believe me<nl>the risk is too much for me<nl>no just going to get someting to eat<nl>im sorry<nl>im glad u did.....<nl>i really tried<nl>if u were 16 it would be all legal<nl>your making me feel like shit now im just gonna go<nl>dont know what to say<nl>im gonna go now though<nl>talk to ya later if your not too pissed<nl>,0,,
p,926981922f4a48d98ebc92a9375e5d45,u here?<nl>r u gone forever?<nl>I guess you don't want to talk to me any more<nl>,0,,
p,d18fb2dc834414a71aace67bee91c432,YAY chels is back! lol<nl>awww<nl>your even on lol<nl>:(<nl>i've missed talking to u<nl>no more getting grounded pelase lol<nl>good<nl>don't skip school<nl>lol<nl>u can miss behaev in other ways though ;) lol<nl>me too<nl>lol no<nl>i hated when u were ebcause we couldn't talk<nl>your still a cutie ;)<nl>:-P<nl>awww. can i join?<nl>u in bed ha<nl>:-D yes i am<nl>night. Nice hearing from ya though :)<nl>awww<nl>lol stop bluyshing<nl>lol<nl>nite dork<nl>,0,,
p,a03edc2f70bbebc73ef3ba3f06968360,well i hope you have happy 4th :-:<nl>,0,,
p,609f7b8e566e8d514eecf112d3d3bc95,u sleep well<nl>i love you<nl>,0,,
p,f538a2a92145534b4b61893399479fcf,why did u get into trouble<nl>2 funny<nl>,0,,
p,053364a8ce3df76dadd5fe75fb056f72,hey i had to come back and get my other car mt honda suv now where are you<nl><nl>,0,,
p,ca5496597b7151b9c2414c16c4ef5422,hey<nl>k<nl>no b/f yet?<nl>sorry<nl>if I cud I wud be<nl>too old<nl>I like sex and you are a virgin (<nl>u mad?<nl>why?<nl>,0,,
p,f069dbec9ab3e090972d432db279e3eb,hey there...im glad u are back on ...and got it fixed...i was just checking to see if u were here...mmmm im missing you girl :<nl>,0,,
p,fac3a2081264f1dbb943eaf7165d8fc3,hey sexy have a wonderfull day<nl>,0,,
p,d18fb2dc834414a71aace67bee91c432,hey hey hey<nl>,0,,
p,aebe7a87ad50fbad92d9931c49cae848,Wow  so glad to hear your voice:x<nl>I gotta go to town for a bit  I'll look for you later  bye for now:-*<nl>,0,,
p,d18fb2dc834414a71aace67bee91c432,u here?<nl>,0,,
p,03957f443c7790f9642db14bbc59df11,Hey Katie  where are you?<nl>,0,,
p,503343ecf680e0899a3863cc8bf2b9dc,hey<nl>miss me?<nl>uh hu<nl>u been horny lately?<nl>cause i wanna know lol<nl>have u?<nl>lol ummm if u were here u would be<nl>i do<nl>and id get u off<nl>i know u want to cum for me<nl>u want my hands touching u<nl>dont u?<nl>ok i wont touch<nl>ok lol<nl>,0,,
p,fac3a2081264f1dbb943eaf7165d8fc3,moring sexy hope u sleep good i would like an answer to what i ask latter today please<nl>like i said i know what i would like to get out of this want to her your 1st<nl>have a nice day:x<nl>,0,,
p,89319407d854bb82113349ecf7ce3682,hihi]<nl>ur back sexy<nl><nl>nope<nl>stroking my dick<nl>jk<nl>i just got back<nl>?<nl>who?<nl>no cam<nl>try<nl>k<nl>i wasnt silly<nl>u want me to do it later 4 you  dont u ?<nl>r u there<nl>i got booted<nl>i asked u a question<nl>did u get it<nl>i didnt see the answer<nl>really<nl>can u be in ur nighty tonight<nl>or tee n undies<nl><nl>u dont wanna<nl>or u wanna be undressed all together<nl>lol<nl><nl>u tell me<nl>i know it gets u hot<nl>mom gonna be home<nl>k<nl>gotta be carefull<nl>what time 4 u allowed up til<nl>if ur busy chatting i will let u go<nl>k<nl>h/w<nl>whats she doing<nl>oh<nl>u can see her when she comes in ur room<nl>k baby<nl>i miss ya<nl>mmmmm<nl>wish ya were here<nl>ok go<nl>i will be around<nl>maybe invis<nl>love ya<nl><nl>,0,,
p,89319407d854bb82113349ecf7ce3682,ARE YA ON TODAY<nl>,0,,
p,80706012f8f9f1175c8e37c306394727,whats up<nl>,0,,
p,c62283536cf6261e5ffbcb323c8a2571,where are you<nl>hope nothing's wrong   i'll be back at 10<nl>:x:-*<nl>,0,,
p,2d08262caa29b1bebeb24e9ad0c60ece,hey babe where have u been<nl>i was in LA looking for you last week<nl>i wanted to meet you<nl>it was my only chance for a long time<nl>please call me when u get a chance ok<nl>367-8491<nl>i miss you sooooooooooo much<nl>kissesssss Dan<nl>,0,,
p,c62283536cf6261e5ffbcb323c8a2571,hi<nl>i'll be on today<nl>,0,,
p,c1f43e1c992120a1c460b8ef7d0b4e9b,hun where are you<nl>,0,,
p,f069dbec9ab3e090972d432db279e3eb,i cant stay long<nl>i just needed to see u and say hi<nl>hi<nl>i didnt want to leave so fast either<nl>ok<nl>u r sweet<nl>i cant beleive i gave u my number<nl>lol<nl>it is with me for sure<nl>:<nl>ok....ill check back in a lil bnit luv...k<nl>email me if i dont come back and u have to leave ok<nl>i did<nl>:<nl>ok bye for now sweet cutieann<nl>mmm u r something<nl>:<nl>,0,,
p,9f1180d3743c2e880a36aaefbb0a80ef,i hope to talk to u tomorrow i have good new and most likely even greater new to tell you  if dont see u tomorrow and not Sat. i try 2 see you on Sun or on the week days. Hope 2 talk 2 you soon i cant wait 2 tell you the news. LOVE U EVEN MORE. sweet dreams.<nl>,0,,
p,0b6b05c740a1bf50ca7f9a461598a3b9,hello?<nl>yep yep yep<nl>,0,,
p,6f35a1f69fd4ae82056e4bc6a8a84575,hey<nl>,0,,
p,89319407d854bb82113349ecf7ce3682,u must be tired  u signed ur xanga but never signed on yahoo. miss u<nl>,0,,
p,d79fcf39ef0828bb234b60b90a1fd725,lynda?<nl>Im so sorry  I woke up late and then I went to eat something<nl>ok heres the thing...if I leave by 2...I can only stay like 1-2 hours<nl>next weekend I could stay 4-5 hours<nl>lol<nl>I just want to make the most of the few times I come to see you per month<nl>okay but do realize that in 2 weekends he may work and I could stay longer than too<nl>but if I come today I may not be able to in 2 weekends<nl>well maybe I still can lol<nl>and why is that lol<nl>dont call the cops lol<nl>me too<nl>but you are fine with 2 hours?<nl>alright let me see what I can do<nl>call me in 2 hours<nl>crap I wont even have time to shower<nl>eww<nl>bunch of cologne lol<nl>ok call me in 2 hours<nl>and what about your dad<nl>what if I am in your house and he comes<nl>ok<nl>call me in 2 hours<nl>ok<nl>,0,,
p,d18fb2dc834414a71aace67bee91c432,u here?<nl>,0,,
p,6f35a1f69fd4ae82056e4bc6a8a84575,my Valentines Day song to u! thinking of u alot today!<nl><nl>ill be on all night tommroww and satyrday night maybe u can call me and we can talk on the phone this weekeend! hopefully ! it would be nice!<nl>,0,,
p,f91e272c9481c92c08505fffbe726053,whats up how have you bee?<nl>been?<nl>,0,,
p,e4c7c376bbd07aeb4a59684a2b94a664,I miss you baby<nl>How are you?<nl>Sorry I havent been on much<nl>><nl>,0,,
p,fac3a2081264f1dbb943eaf7165d8fc3,hey sexy little lady hope u had a good night sleep any wild dreams just wondering wont be back until 11pm if your up if not i will just have to wait until tomorrow <nl>,0,,
p,0b6b05c740a1bf50ca7f9a461598a3b9,yeah im here<nl>im chargin my cell and getting dressed<nl>how am i late?<nl>i asked you lastnite 4 30 was ok member?<nl>well i did<nl>lol<nl>ok ill call you in a few<nl>hey wait heres my cell<nl>call me when you get out of the shower<nl>9899151974<nl>ok ima go cash me check and head that way right now<nl>pk<nl>ok<nl>,0,,
p,fac3a2081264f1dbb943eaf7165d8fc3,u awake<nl>,0,,
p,2e265f9b8ee76269872d56d5c6c0335b,damn u signed out this same min<nl>,0,,
p,fac3a2081264f1dbb943eaf7165d8fc3,i am back<nl>u want your suprise<nl>k got to get a pen and paper got to write some numbers down<nl>i got a calling card for u to use to call me<nl>unless u dont want too<nl>i know<nl>u r worth the .99 cents i spent on it<nl>just kidding<nl>ready<nl>u do have a touch tone phone<nl>lol<nl>when u use the phone u have do u push button<nl>lol<nl>k<nl>first 1-800-986-5171<nl>going to ask for this number 704 7470 065<nl>then will ask for the phone number<nl>512-785-3204<nl>u r not mad i hope<nl>well if nothing else i will at least get to maybe here your sexy voice<nl>k<nl>but the million dollar question is<nl>will u use it<nl>it ok<nl>k<nl>thank u<nl>;;)<nl>i will be here<nl>,0,,
p,850f47f5c88b660f1b096785ddc197a1,Hey<nl>what happened to you?<nl>i'm here<nl>lol<nl>no I'm at home<nl>yeah  I didn't see you on line all week  so I got worried<nl>awwww<nl>I missed you  babe<nl>I was afraid to leave without checking in with you one last time<nl>Hey!<nl>don't worry I will get down there<nl>can you call me?<nl>,0,,
p,d18fb2dc834414a71aace67bee91c432,hey there. I should be home at like around 945 tonight. Don't goto bed without talking to me lol. I have school tonight :(.<nl>Or if you have AIM u can message me there. I'm always on it during class. My screen name is jkspeedster1982.<nl>,0,,
p,fac3a2081264f1dbb943eaf7165d8fc3,have a nice day;;)<nl>,0,,
p,fac3a2081264f1dbb943eaf7165d8fc3,such sexy photos u have love then all<nl>hope u had a good evening<nl>good moring it is 4:35am yes i am up that early love your last 2 photo u had up. also wanted to say the i think your a 30/32a-22-28 for your measurements<nl>,0,,
p,d18fb2dc834414a71aace67bee91c432,lol i did answer you :(.I said yes i do miss you :( dork<nl>,0,,
p,a03edc2f70bbebc73ef3ba3f06968360,hey sorry had phone problems<nl>what yoou doing<nl>cool and get what<nl>nice<nl>i missed you too baby i cant wait to see you<nl>yuppers<nl>am flyin<nl>tomorrow moring 7am<nl>was suppose to but the my flight got canseled<nl>:-*<nl>its ok<nl>i still love you<nl>,0,,
p,afe8ba8af6d0677a79ce0284cb9cc63a,:-*<nl>,0,,
p,2a77f862a19d8d47d21692543e90dee8,hi hun i hope your feeling better and that everything is ok ill keep checking through out the day to see if your on if i dont hear from you and i think you will really like your necklace miss you<nl>,0,,
p,fac3a2081264f1dbb943eaf7165d8fc3,sorry about that big lighting strike knocked out the power just now got me internet back up well hope you have a wondering day hope to talk to you latter on this evening hope you had some sweet dreams <nl>,0,,
p,c62283536cf6261e5ffbcb323c8a2571,just wanted to let you know i'm canceling my internet Tuesday<nl>guess your not coming on<nl>bye<nl>=((<nl>,0,,
p,3e97c68b68f9aa0fb7d705a65c6a8443,hello how was your sking<nl>,0,,
p,e4c7c376bbd07aeb4a59684a2b94a664,sorry i had to go so soon<nl>ttyl<nl>:-*<nl>,0,,
p,39bd8b11509b5ddc5948b5b77f034ea1,whats up<nl><nl>call me<nl><nl>you cant when its on a charger<nl><nl>ok<nl><nl>wow what<nl><nl>oh<nl><nl>yeah i wish i had more time to work out though<nl><nl>yeah ill put my cam on hold on<nl><nl>ty<nl><nl>im just web surfing<nl><nl>hey how long have u been using messenger<nl><nl>well u kno how when you go to search for a room and you have the join room tab on the pop up<nl><nl>isnt there supposed to be another one for like personal rooms<nl><nl>yeah thats what i thought that sucks cause they were the shit<nl><nl>now they do<nl><nl>i wonder why they did<nl><nl>aol is okay<nl><nl>but the profiles suck and alot of people dont fill em out<nl><nl>well i can wait a few more minutes<nl><nl>i dont like quick conversations<nl><nl>727 254 1585 eli<nl>,null,e2cc05d41fde718a63caf29423c8a15b,
p,7dec33a7c4fc1d7295dea7cc5b966b5b,im good and you<nl><nl>so can you call me or leave me your number and ill call you hun<nl><nl>><nl><nl>hey call me<nl><nl>can i come over<nl><nl>ok so call me<nl><nl>when that<nl><nl>what time<nl><nl>ok<nl><nl>ok can i stay<nl><nl>like the night<nl><nl>ok<nl><nl>what u want to do<nl><nl>have sex ???<nl><nl>alot of sex<nl><nl>alot of sex<nl><nl>u want to have sex<nl><nl>alot<nl><nl>to me yes to you idunno<nl><nl>no not yet<nl><nl>sorry<nl><nl>ok promise<nl><nl>wow you hung up om me<nl><nl>well you should call me back<nl><nl>ok<nl><nl>ok<nl>,null,22b5efc6a6b346abbb08679cfc648a96,
p,fac3a2081264f1dbb943eaf7165d8fc3,little miss sexy<nl><nl>how are u doing this evening<nl><nl>just ok<nl><nl>me great<nl><nl>not for u<nl><nl>and u<nl><nl>no i am not<nl><nl>boring<nl><nl>and yours<nl><nl>how was school<nl><nl>learn any thing today<nl><nl>k<nl><nl>so how are u doing<nl><nl>smiling<nl><nl>at u<nl><nl>yep<nl><nl>so what are u doing<nl><nl>have any homework<nl><nl>probley got it done already i c<nl><nl>so whats on your sexy mind<nl><nl>actually was waiting for u<nl><nl>but i fugered that you were doing your home work<nl><nl>put a smile on my face when u loged in<nl><nl>it was ok<nl><nl>:D<nl><nl>so u ready for bed yet<nl><nl>humm<nl><nl>may i ask what u have on<nl><nl>not yet<nl><nl>:-*<nl><nl>sounds comfy lol<nl><nl>what color<nl><nl>so do they have a mall there<nl><nl>been to it yet<nl><nl>so what color is your comfy pants n top<nl><nl>nice<nl><nl>my favor color<nl><nl>so u been to the mall yet<nl><nl>i c<nl><nl>may i ask y not<nl><nl>lol ok<nl><nl>just wondering<nl><nl>;;)<nl><nl>not at all<nl><nl>:(<nl><nl>ok u too<nl><nl>sweet dreams<nl><nl>:-*:-P on the lips<nl><nl>yea u like<nl><nl>maybe<nl><nl>or not<nl><nl>u still there<nl><nl>nite sweet sexy dreams ok<nl>,null,42d9b87a0bcc640078c69d3eb1a0eaee,
p,4cf8a879997585d68c7cdd49401b9e86,hey cutie<nl><nl>hey<nl><nl>talkin to u<nl><nl>getting changed<nl><nl>dont know<nl><nl>why???<nl><nl>I am done for the day<nl><nl>in my room yes<nl><nl>y???<nl><nl>u want to see me???<nl><nl>nope<nl><nl>digital camera<nl><nl>what do u want to see???<nl><nl>tell me I can show it to you<nl><nl>like what???<nl><nl>lol<nl><nl>want to see something sexual??<nl><nl>hey sorry I had to go get my camera out of my truck<nl><nl>u want to see my man hood???<nl><nl>lol<nl><nl>just in case I shave there so its not hary<nl><nl>is that ok??<nl><nl>is it attractive???<nl><nl>why not???<nl><nl>oh<nl><nl>so<nl><nl>realy<nl><nl>what are you going to do with it???<nl><nl>I want what you want<nl><nl>what one???<nl><nl>just off the freeway??<nl><nl>I think I know where that is at<nl><nl>ya so u want me to stick that in you???<nl><nl>I can do that<nl><nl>can I play with your boobs too???<nl><nl>tight jeans what about undies and a bra<nl><nl>I will have a black button up shirt and some blue jeans<nl><nl>can I take off your panties???<nl><nl>mmmm<nl><nl>can I take pics???<nl><nl>can I cum in your mouth???<nl><nl>it tastes good I hear<nl><nl>lol<nl><nl>humm<nl><nl>have you ever played with yourself??<nl><nl>ok<nl><nl>talk to me later tonight if you can<nl>,null,f89fc1b865715fb22b433073c6a7ad9b,
p,fb169d16c42ca83583dd05b3f4d7fc98,you there?<nl><nl>you got quiet on me<nl><nl>so you sure oyu want me to come over on friday?<nl><nl>you got any new pics?<nl><nl>yea i had seen most of tthose lol<nl><nl>so how old are you again<nl><nl>yea i just wanted to make sure<nl><nl>i just need to watch my ass lol<nl><nl>i am 22 ya know<nl><nl>lol<nl><nl>so what ya wanna do on friday?<nl><nl>wanna go get some lunch when i get there??<nl><nl>lol no keep the money its all good<nl><nl>i figure since we both just meeting each other being in a public place might be a lil bit easier to talk ya know<nl><nl>since we arent just alone<nl><nl>lol no im making you walk! no silly<nl><nl>is there a mall by you?<nl><nl>really that sucks<nl><nl>malls are always fun your friends can see you with some guy whos 8 years older than you lol<nl><nl>westland<nl><nl>how do you not know the name of a mall by you?i take it you dont go there very often<nl><nl>:-t<nl><nl>its a mall...inside?<nl><nl>thats gay<nl><nl>right<nl><nl>sweeet<nl><nl>well im off to get my tat<nl><nl>son on my elbow<nl><nl>sun*<nl><nl>with a star with in the middle<nl><nl>and i just got my last name on my back last week<nl><nl>in some sweet ass lettering<nl><nl>yep and then the tribal on my right arm but im having him re do it prolly soon<nl><nl>want it bigger<nl><nl>but i gotta get going its an hour drive for me its in ann arbor<nl><nl>why dont you<nl><nl>586-565-1790 call me so i know i can call you :-P<nl>,null,0307091724896a50d827c702f8eb3280,
p,2a77f862a19d8d47d21692543e90dee8,hi hun im sorry i missed your calls i was in meetings all day i did get your messages though pls dont be upset im off work now so if you get this anytime and you call ill answer i promise<nl><nl>ok<nl><nl>><nl>,null,f7a9157de18bba24d7bba07575b78231,
p,1d911cc805cce729269c8d357dc0f0fe,about what<nl><nl>nothing u<nl><nl>no<nl><nl>about what<nl><nl>about what<nl><nl>ok then leave<nl><nl>u wanna meet?<nl><nl>i wont meet u at ur house<nl><nl>yeah<nl><nl>maybe<nl><nl>do u only like older guys<nl><nl>would u see a guy under 18<nl><nl>no<nl><nl>stop asking<nl><nl>what<nl><nl>do u have money<nl><nl>can u get a taxi<nl><nl>u said no when i asked to meet u at the park<nl><nl>ok meet me at the park<nl><nl>6<nl><nl>yea do u<nl><nl>why did u say no yesterday<nl><nl>were u looking out ur window when u called me<nl><nl>whynot<nl><nl>so u were looking out when u called me the first time<nl><nl>ok fuck off<nl><nl>there were police there when u called me<nl><nl>u fucking liar<nl><nl>ok ur lying and blinde<nl><nl>bye<nl><nl>dont talk to me<nl><nl>iggy<nl>,null,35afc0d3370b0e1321b8390dd7b68e65,
p,2d08262caa29b1bebeb24e9ad0c60ece,Robin  call me anytime today ok. It doesn't matter what time ok. 210-367-8491 Today is sunday aug. 1st<nl><nl>I Love You<nl><nl>Kissessssss Dan<nl><nl>Robin if i don't answer  leave me a message with your number so i can call u back<nl><nl>ok.. if i hear your mom answers it ill just play it off like im looking for a guy named rudy or something ok. that way it seems like i got the wrong number ok. hope to heat from you sweetie  i cant wait<nl><nl>love Dan<nl>,null,5bfebea2932c8f2dc73fbbd9d6226771,
p,a03edc2f70bbebc73ef3ba3f06968360,Its ok<nl><nl>K<nl><nl>Ok<nl><nl>Yay what did ur gpa want?<nl><nl>Oh cool<nl><nl>So if i get down in the evening do u think u could get out?<nl><nl>Would u have to go home that nite?<nl><nl>Cool hoping sarah dont call huh.<nl><nl>Ok just gotta make sure we stay a secret<nl><nl>In abit am going bathroom<nl><nl>Luvs u<nl><nl>Lol yes am sitting down gotta pratice.<nl><nl>Sorry lost service<nl>,null,aa1b227d708b3caf56616e41a5d02db7,
p,13ff9f88ad6e1242f30cb4c7d4a36ed7,u there<nl><nl>thought something like that.its cool<nl><nl>so how did your day go'''''''''''''''''''''''''''''ya<nl><nl>why is that<nl><nl>why whats wrong<nl><nl>ya sry had to ck dinnier<nl><nl>red necks....why do u say that<nl><nl>so playfootball or any sport<nl><nl>cant u do something elese<nl><nl>i think sometime in the after noon<nl><nl>well see<nl><nl>why<nl><nl>oh i see.........theres always cabs<nl><nl>ya u do just have to call them<nl><nl>worry about that later<nl><nl>talked to the lady at the hotel all ready<nl><nl>ya.why<nl><nl>no not really she was very nice<nl><nl>just asked me if i smoked or not what my name was<nl><nl>nope<nl><nl>did'nt like it<nl><nl>whould u do it again<nl><nl>cool....what is there to there thats fun<nl><nl>ooooo<nl><nl>good<nl><nl>its for real.unless something happens.........but ya it is i whould'nt lie<nl><nl>whats there not to like<nl><nl>is your hair still kinds gold color<nl><nl>oooooooo i see<nl><nl>i have to chk in.u will be in school<nl><nl>i will be at the restrant<nl><nl>having coffee or something.is there a bar there<nl><nl>ya<nl><nl>go back to the room<nl><nl>how late can u stay out friday<nl><nl>ya if u want to<nl><nl>i have to be out of there sunday afternoon<nl><nl>no cant thurs day have to make it friday<nl><nl>its ok thats two days<nl><nl>how about your grandma<nl><nl>what will u tell her<nl><nl>will she beleave u<nl><nl>then ya if u can that whould be cool<nl><nl>what ever you want to<nl><nl>u said u never slept with a guy this will be a learning experence<nl><nl>i will make it as special as i can ok<nl><nl>we will mess around with other suck j/o kiss<nl><nl>each<nl><nl>i can get some<nl><nl>its cool<nl><nl>ya .theres all kinds<nl><nl>i'll see ok<nl><nl>ya<nl><nl>ha ha what<nl><nl>ya just like a sabor<nl><nl>it will be a good weekend<nl><nl>of what<nl><nl>tell me what happens in the dream<nl><nl>cool.sounds like fun<nl><nl>ok<nl><nl>im me when u get back<nl>,null,fac12d592be469243ee7b03d5bbfaa3a,
p,6283fab0062e2eb309261acf647abd98,hey my dea how r ya hun<nl><nl>dear<nl><nl>very good i just got a new game<nl><nl>its called god of war 2<nl><nl>yea<nl><nl>its really bloody<nl><nl>but its good<nl><nl>some of the game is better then the first but there are better parts as well<nl><nl>well i was use to the first game so i kind of know already what i should be facing<nl><nl>some things are diffrent though<nl><nl>well i am playing it on easy mode first just so that i can see what i am up against but yea<nl><nl>there are new places new monsters and gods that i must deal with<nl><nl>thanks im already killing them<nl><nl>did u get my message last night<nl><nl>one other thing i am playing it on my new 50 inch screen tv so it looks awesome<nl><nl>yea i just bought it<nl><nl>well when u work hard and when u save up u can buy whatever u want<nl><nl>it is<nl><nl>yea i had alot of fun buying these toys lol i got a big sale on this tv as well like 700 dollars off of the origional price<nl><nl>i think<nl><nl>it is<nl><nl>so did u get my message last night<nl><nl>i was so exhausted<nl><nl>yea<nl><nl>i swam like 2 miles yesterday and 1 mile today<nl><nl>yea i got like 9 hrs of sleep<nl><nl>so did u miss me<nl><nl>so what else is new is dad treating u nice<nl><nl>why is there something wrong<nl><nl>so have u said anything to ur friends or are they wondering why ur talking to guy my age<nl><nl>oooo<nl><nl>ooo<nl><nl>i saw ur profile and some girl said are u crazy or something<nl><nl>yea lol<nl><nl>with what<nl><nl>o ok<nl><nl>so has anyone ever asked u about me with my profile<nl><nl>wow ok<nl><nl>ooo no the pic is actually from the new movie spiderman 3<nl><nl>so whaty r ya doing now<nl><nl>yea<nl><nl>im soppose to go and meet up with my friend soon<nl><nl>no its a guy<nl><nl>we have been friends for the past 3 yrs<nl><nl>did u think i was gay<nl><nl>what is that soppose to mean<nl><nl>im not gay<nl><nl>and it is not a date we are exchanging music<nl><nl>u kind of made me mad for a second there<nl><nl>ok<nl><nl>no<nl><nl>fighting minotaurs<nl><nl>hey yea im kicking ass<nl><nl>no i am not mad at u dont get so jealous<nl><nl>i promise we will meet as long as u want to meet me<nl><nl>because ur always thinking of me going on another date<nl><nl>o really<nl><nl>i think u already have stronger feelings for me<nl><nl>o thanks<nl><nl>yea i cant stop playing i am getting new powerful moves<nl><nl>yea i am but it will be a very long time<nl>,null,34e5455c4f9ffbb7cf65faf520cf93a8,
p,5778ac8dcffe9bbacf3c0415fdb362d6,hey what are you up to<nl><nl>nothing<nl><nl>no whats going on<nl><nl>yeah sorry<nl><nl>I'm still at work what are you up to<nl><nl>yeah<nl><nl>so you do anything today<nl><nl>hold on<nl><nl>hey sorry about earlier I was in front of my boss and couldn't talk I'll be on pretty early tommorow morning if you want to talk about hooking up some time I should be on around 8 in the morning<nl><nl>hey?<nl>,null,87ad26aa06a524633a62148e59b96819,
p,c62283536cf6261e5ffbcb323c8a2571,Hi Babydoll<nl><nl>in tucson<nl><nl>yep going to San Diego in two week's<nl><nl>see some people<nl><nl>big hug  kiss  love struck<nl><nl>will you marry me?<nl><nl>when your 18<nl><nl>we would get in big trouble<nl><nl>your to young right now<nl><nl>yes just got a package from ups<nl><nl>paper work to sign and a gps for the motorhome<nl><nl>global positioning system<nl><nl>i put an address in it and it shows and tells me how to get there<nl><nl>what<nl><nl>in february<nl>,null,990d354ec93bb851ba5dbbdfb111c463,
p,d18fb2dc834414a71aace67bee91c432,u still here?<nl><nl>awww<nl><nl>what ahve u been doing?<nl><nl>lol did u take ben off block?<nl><nl>LOL<nl><nl>dah well<nl><nl>who u talking to?<nl><nl>awwww<nl><nl>ha ha did she ask u who i was yet?<nl><nl>LOL<nl><nl>what did u tell her?<nl><nl>ha ha<nl><nl>lol what di du all do to him?<nl><nl>LOL<nl><nl>what did she say?<nl><nl>y?<nl><nl>"I love this girl but shes gone crazy"<nl><nl>HA HA<nl><nl>that?<nl><nl>awww he loves u<nl><nl>so you two never did anythign dirty? lol<nl><nl>what did u all do with him again?<nl><nl>i know u told me before but i really forgot sry :(<nl><nl>i forgot :(<nl><nl>did u see his thingy?<nl><nl>rub it?<nl><nl>lol make stuff coem out of it?<nl><nl>did u?<nl><nl>and thats all?<nl><nl>did he rub ur thingy?<nl><nl>u didn't put it in ur mouth though right?<nl><nl>did u?<nl><nl>are u lieing? :(<nl><nl>lol u told me u never did that<nl><nl>u sure u did that? lol<nl><nl>lol put it in ur mouth<nl><nl>his thingy<nl><nl>really? awwww<nl><nl>u don't need to be<nl><nl>did he rub u?<nl><nl>ur private place<nl><nl>use figners in it?<nl><nl>did he see ur boobies?<nl><nl>:( i'm jealous :(<nl><nl>did u like it in ur mouth?<nl><nl>did stuff coem out in it?<nl><nl>ur mouth<nl><nl>lol now i want to come there and do that to u :(<nl><nl>if you'll still let me that is<nl><nl>:( aww man<nl><nl>now that i'm all honry lol<nl><nl>are u to now?<nl><nl>goodnight<nl><nl>when can i come over? lol<nl><nl>:-*<nl><nl>sunday?<nl><nl>sunday it si<nl><nl>nite Muah<nl>,null,90b119f50d60256b9b42d7f951235cc2,
p,4ab0a550ebb27f9a95e31ccbf0114850,hey little cutie<nl><nl>what did you do today<nl><nl>fun<nl><nl>when do your rents go back to work?<nl><nl>oh<nl><nl>i know i know<nl><nl>i jsut so horny<nl><nl>im sorry<nl><nl>lol<nl><nl>i know<nl><nl>whats new<nl><nl>oh<nl><nl>i knwo<nl><nl>trying to make convo<nl><nl>so tell me about your first time?<nl><nl>oh<nl>,null,d6e5bfa749792245507f251ed3edb7be,
p,6283fab0062e2eb309261acf647abd98,hey e03aa9707bd13f180c517ae1a47e9da2 hows my girl doing<nl><nl>do u even remember my name<nl><nl>then what is it<nl><nl>yea he is doing better<nl><nl>what about u my love<nl><nl>yea i guess<nl><nl>possibly this wednesday<nl><nl>hey hun im gonna go to bed<nl><nl>ttyl my love<nl><nl>i mean my dear<nl><nl>im so tired<nl><nl>mwah<nl><nl>i miss ya as well<nl><nl>if u could drive<nl><nl>would u come and see me<nl><nl>thanks<nl><nl>what do u mean<nl><nl>when ur old enough<nl><nl>and if u really want me thats up tp u<nl><nl>well do u want me<nl><nl>so did i<nl><nl>would u want me<nl><nl>whats that soppose to mean<nl><nl>so i guess no then am i right<nl><nl>ok<nl><nl>good night my dear<nl><nl>ttyl send me a message on myspace i would like to read about ur life<nl><nl>if anything interesting<nl><nl>k<nl><nl>mwah kissy for u<nl>,null,2d05ec544d6c836d6f0ad255bc506418,
p,c62283536cf6261e5ffbcb323c8a2571,hi<nl><nl><nl><nl>big hug  kiss<nl>,null,1bcd78eb46b380fb627015626c9350b2,
p,b679fca2e3690b4d3c60815edf4e3ca5,Hey! It's me--dv8 from myspace!! I just figured out your messenger thingie on your profile. Duh  heehee. Add me  ok? Please??:-P<nl><nl>Hey sexy<nl><nl>HI!!!:-*<nl><nl>You got a hold of me!!!!:-P<nl><nl>yayyy<nl><nl>How ya doin Beanie<nl><nl>Happy now! :x<nl><nl>Yep. On the windy coast<nl><nl>which is why I'm a blowhard<nl><nl>:))<nl><nl>You make me feel goofy 8-}<nl><nl>not if u don't care that I'm 48<nl><nl>Anyway  we're just TALKING!! I don't think our lovely government has outlawed THAT yet!!!<nl><nl>So I LOVE your pics!! Especially the one I commented on where you look professionally made up. Are u a model??<nl><nl>Well  you don't have to wish too hard. You're in the right place  and you look GORGEOUS!!!!! :-P<nl><nl>So I thought it was trippy that you're in Laguna Beach cause I bought my dad a condo in "Leisure World" right up El Toro from Laguna Canyon<nl><nl>is that near you?<nl><nl>really? Like close by for real or "L.A. close" which could be MILES<nl><nl>lol some girl one time told me she was "right next to there" and she was in SAN BERNADINO<nl><nl>heehee<nl><nl>hello???<nl><nl>heehee yeah I gotta take my guys out for a walk soon<nl><nl>WOW!!! That is close<nl><nl>it's fate  doo doo dee doo<nl><nl>so do you know Angel?<nl><nl>personally or just myspace?<nl><nl>well  what a fine group of young ladies you have there in Laguna Beach heehee<nl><nl>I just pulled up that pic--how cum your lips are so wet?<nl><nl>well  it's REALLY sexy. and HOT<nl><nl>#:-S I'm sweatin<nl><nl>=P~ and drooling<nl><nl>oops bad me <nl><nl>mmmm do you have flavored lip gloss?<nl><nl>I bet the boyz luv it!!!<nl><nl>oooh i wanna taste :((<nl><nl>well yes<nl><nl>:"<nl><nl>is that ok??<nl><nl>wow!!:-*<nl><nl>you're really cool!!<nl><nl>would yer boyfriend be mad?<nl><nl>you don't?? what. all the guyz in Laguna are GAY????<nl><nl>They ARE or else they'd be all over you heehee so what flavor ya wearin today??<nl><nl>oh oh oh!!! I want some!!! You're teasing me on purpose;)<nl><nl>I oughta put you over my knee and  ya!!<nl><nl><nl><nl>then I'd give you a BIG hug nnnngh!<nl><nl>yoo hoo<nl><nl>??still there? what  the dog came back in???<nl><nl>ok ok I wouldn't spank you  I was just goofin<nl><nl>shit! I'm at work and I've got a meeting. people just showed up. Say something!!!!<nl><nl>=((<nl><nl>come baaaaaaaack<nl><nl>beanie???<nl><nl>my little bean has been refried and gone away :((<nl><nl>I gotsta go--I'll try back later --bye:-*<nl>,null,a4afe27b89696096b327e78d5b8bb973,
p,48aad4b6baaba42d5ad3b77880d3cead,hi stranger<nl><nl>whats new<nl><nl>same  you back yet?<nl><nl>what happened?<nl><nl>damn<nl><nl>so when do you want to see me<nl><nl>ok just give me a heads up<nl><nl>well depends on you<nl><nl>what would you want to do?<nl><nl>ok then we have fun<nl><nl>well like what we talked about<nl><nl>ok i will tell you what  i will do whatever  if you tell me<nl><nl>brb<nl><nl>i said i wont change my mind  you tell me what you want and i will do it<nl><nl>i did<nl><nl>oh ok<nl><nl>back<nl><nl>u want to have sex with me?<nl><nl>thats what we talked about<nl><nl>ok then yes i do<nl><nl>yes<nl><nl>brb<nl><nl>yes i will<nl><nl>when will you be on?<nl><nl>give me a time to check in?<nl><nl>at night?<nl><nl>why so late?<nl><nl>oh ok<nl><nl>well i will check the whole day  so let me know something<nl><nl>whenever<nl><nl>neither can i<nl><nl>later<nl>,null,27c009e2d54192a7901409977bc2f350,
p,fac3a2081264f1dbb943eaf7165d8fc3,u there<nl><nl>shame on u<nl><nl>texas 5 room<nl><nl>what your bored with me too then<nl><nl>yes i have been for about 45 min<nl><nl>you show your not on eithere<nl><nl>i c that<nl><nl>it was ok<nl><nl>just looking<nl><nl>all just looking<nl><nl>waiting for u to get online<nl><nl>miss u last night<nl><nl>got home early last night<nl><nl>oh it ok<nl><nl>i am not mad or any thing<nl><nl>typical 1st day<nl><nl>lot of introudcition what they expect stuff like that<nl><nl>so he let us go early<nl><nl>most of the ones in the class did not have the basic stuff<nl><nl>not at all<nl><nl>so little miss sexy what are u wearing<nl><nl>;;)<nl><nl>sexy<nl><nl>me in a cut off texas longhornes t shirt and blue shorts<nl><nl>yep<nl><nl>and :D<nl><nl>:D cause talking to you a sexy little lady<nl><nl>><nl><nl>so who was school<nl><nl>how<nl><nl>class of 12 but only 8 showed up<nl><nl>one she is in a little more aventanced stage<nl><nl>the instructer is teaching 3 different class<nl><nl>just in case your wondering she weight like 200lbs<nl><nl>no not very perty either<nl><nl>not that your the julouse type<nl><nl>k<nl><nl>u want to be a welder too<nl><nl>lol<nl><nl>so what have u though about being or doing<nl><nl>lol<nl><nl>not suprise<nl><nl>not in a bad way<nl><nl>but u have lot of time to decied<nl><nl>u upset or something<nl><nl>not at all<nl><nl>just wonder<nl><nl>so u busy<nl><nl>yes with U<nl><nl>;;)<nl><nl>so what on your mind<nl><nl>k<nl><nl>5 min and counting<nl><nl>y are u sorry<nl><nl>let me guss getting comfy<nl><nl>hope every thing came out ok<nl><nl>sorry i could not resits that one<nl><nl>mom asking question<nl><nl>have u<nl><nl>u hungery<nl><nl>i had chicken and rice<nl><nl>k<nl><nl>i will be happy to wait<nl><nl>no mam<nl><nl>only with u<nl><nl>i have told u over and over u have all of my attention when we are chatting<nl><nl>i log off ever thing else well accpet my card game<nl><nl>now go get ur food<nl><nl>still eating<nl><nl>u all full<nl><nl>fat and happy<nl><nl>so what u eat<nl><nl>cool<nl><nl>it ok got a better offer<nl><nl>well sweet dreams<nl><nl>sexy ones i hopw<nl><nl>hope<nl><nl>><nl><nl>k may i ask what up<nl>,null,ca0507e94fcb5fd087a9a122f427f9f5,
p,81383171ca9da4d245dea449027c3d09,29/m/wa. you?<nl><nl>I'm in kennewick  a good 5 hours south east from you .. what are you up to?<nl><nl>sme bored  cant sleep<nl><nl>nice to meet you Violet I'm Will<nl><nl>thats a nice photo you have in your profile  cute lookin<nl><nl>very welcome<nl><nl>you dont look 13 in that pic  I'd say more like 16 or 17<nl><nl>you dont mind chatting with someone my age?<nl><nl>cool   the one I have its more like a 6 months old<nl><nl>thank you<nl><nl>ever been to kennewick?<nl><nl>I think I've been to Lakewood before  I used to Live around that way Enumclaw   bremerton  so I'm sure I've been at least through there<nl><nl>where from?<nl><nl>cool  my prother now lives in Arizona<nl><nl>oops brother*<nl><nl>talking to a cute girl got me all exceited now I cant spell<nl><nl>I try to be<nl><nl>why you up so late? or is it early?<nl><nl>why not?<nl><nl>I see  what you seeing the doc for? if thats ok to ask<nl><nl>a shot  alrighty<nl><nl>what is it called?<nl><nl>lol yeah I'd do that too<nl><nl>lol<nl><nl>dont like school huh?<nl><nl>I hated school also<nl><nl>I didn't finish either  got tired of the bs from the schools<nl><nl>you right it isn't<nl><nl>hey can I add you ? I'm liking ya already<nl><nl>thanks cutie<nl><nl>so single?<nl><nl>yes I am  some times it sucks but sometimes its nice  I get to flirt more<nl><nl>alright  have a good night and sweetdreams<nl><nl>you bet<nl><nl>nighty night<nl>,null,3b6e84097854c6f574cd86205e9d8a49,
p,a03edc2f70bbebc73ef3ba3f06968360,Riding the monorail<nl><nl>Yea<nl><nl>Well do something fun when i get back<nl><nl>If u want to<nl><nl>What r u doing?<nl><nl>U playing games?<nl><nl>U winning?<nl><nl>Lol want to leave u alone?<nl><nl>Ok ud miss me to much huh.<nl><nl>Whatelse u wanna do besides go to lagoon.<nl><nl>Ok cool<nl><nl>Am bored entertain me lol i get pics of disney for u.<nl><nl>Oh were heading home now might get my drink on.<nl><nl>Oh cool u winning?<nl><nl>Oh went shopping ride rides ate walked sweated alot now just heading back home.<nl><nl>Things are closing there was going to go clubbing but we are just going home.<nl><nl>My friends i had room for one more wish u couldve came.<nl><nl>Yeah so ill take u to lagoon<nl><nl>If u wanna go with me still<nl><nl>Cool if someone ask were just friends k.<nl><nl>Unless u say otherwise.<nl><nl>Were just friends<nl><nl>No were friends am just careful cause of the age differenteces<nl><nl>Yea just numbers so ur ok with that<nl><nl>Cool<nl><nl>Anything else u wanna know about me?<nl><nl>I work alot and save<nl><nl>Auto tech<nl><nl>Yeah i own 3 cars<nl><nl>Yeah want me to teach u how to drive?<nl><nl>A dodge neon rt  toyota celica and mazda rx 7<nl><nl>Red white and blk<nl><nl>There all sticks<nl><nl>Yeah alil but easier to learn.<nl><nl>Yeah ull like it.<nl><nl>But well keep it a secret ok<nl><nl>Ok not even me<nl><nl>Lol ok :-*<nl><nl>Ok miss me<nl><nl>Yay i missed u.<nl><nl>No am still here<nl><nl>Yeah i am<nl><nl>Just drinking thinking how cool u r to talk with.<nl><nl>Np<nl><nl>When u going to bed?<nl><nl>Cool am drunk<nl><nl>Yeah there strong drinks<nl><nl>Lol<nl><nl>Drinking and watching tv<nl><nl>Family guy<nl><nl>Would u drink with me?<nl><nl>Cool<nl><nl>But would u drink with me?<nl><nl>Cool<nl><nl>U trust me with that?<nl><nl>Ok just wondering<nl><nl>Cool<nl><nl>Awww thxs babe<nl><nl>Well am going let u go ill be online around ten ur time mwah!<nl><nl>:-*<nl><nl>Miss u more nite sexy.<nl><nl>Oh checkout myspace added a new pic.<nl><nl>Let me know what u think.<nl><nl>U like it?<nl><nl>Well anyways ttyl :-*<nl>,null,e40604b3f8c8f7d61fbdbb2f42b67917,
p,fac3a2081264f1dbb943eaf7165d8fc3,U back<nl><nl>where u run off too<nl><nl>lucky room<nl><nl>;;)<nl><nl>got something to eat alson<nl><nl>hung out here wondering where u went<nl><nl>so how close was i with my numbers on you<nl><nl>early<nl><nl>so was i at least close for the top<nl><nl>not bad from looking at a photo<nl><nl>;;)<nl><nl>u suprisied<nl><nl>thank u<nl><nl>and your sexy<nl><nl>sure your not a model some where<nl><nl>brb<nl><nl>back<nl><nl>yes<nl><nl>;;)<nl><nl>play cards again<nl><nl>and u<nl><nl>makes 2 of us<nl><nl>no need for u to be<nl><nl>what a hair doooooo<nl><nl>that a good thing<nl><nl>;;)<nl><nl>my my my now<nl><nl>your new photo<nl><nl>good thing<nl><nl>may i have that one please<nl><nl>u can say no if u like<nl><nl>thank u<nl><nl>><nl><nl>where was that taken at<nl><nl>;;)<nl><nl>and the winner is sarah hushnow as americas next top model<nl><nl>was there a big smile on that one<nl><nl>><nl><nl>brb got to go put some laundary in the wash<nl><nl>;;)<nl><nl>some one got quit all of a sudden<nl><nl>yea<nl><nl>no just stared<nl><nl>u do your own cloths<nl><nl>how fun<nl><nl>though u get a kick out of that one<nl><nl>:-P<nl><nl>strange<nl><nl>messanger loged me out for some reason<nl><nl>yer<nl><nl>u have your own cell phone<nl><nl>:(<nl><nl>if u could would u have one<nl><nl>yes no maybe<nl><nl>was that such a hard question lol<nl><nl>lol i know just how long it took to answer<nl><nl>no me dam internet i think<nl><nl>sorry<nl><nl>no let me reboot my compute c what happens<nl><nl>ok<nl><nl>dont go any where<nl><nl>:-*<nl>,null,54e983b88c575e3d9bf7796d9db32573,
p,970f6cbfa8b79242464120ec1bc7d074,hi u here?<nl><nl>what u up 2/<nl><nl>u get my message?<nl><nl>:D<nl><nl>i sound like what u exepected?<nl><nl>oh really?<nl><nl>very much<nl><nl>u sound much older<nl><nl>i liked<nl><nl>wish u could call again/<nl><nl>u know i dont mind calling u when its safe<nl><nl>cool<nl><nl>so u not alone?<nl><nl>i see<nl><nl>u know what i did already?<nl><nl>got us a room in lawton at bestwestern<nl><nl>when u tell me<nl><nl>i got my ways baby<nl><nl>B-)<nl><nl>yes u will have rm ser<nl><nl>so when will the date b?<nl><nl>so when will u b able to b with me?<nl><nl>yes if thats what works best 4 u<nl><nl>yeah u being honest right?<nl><nl>think this is cool because i do i know<nl><nl>well me 2 just know that u will b very diff 4 me<nl><nl>meaning our ages<nl><nl>u being so young<nl><nl>i dont want u 2 b hurt in later life<nl><nl>oh baby not a chance<nl><nl>but dont want u to b hurt mentally u know<nl><nl>no no 80 and yes i want very much<nl><nl>do u want to backout?<nl><nl>thats fair but u have 2 do same<nl><nl>damn u r way hot<nl><nl>u will b 2<nl><nl>yes very easy going not raging ass hole<nl><nl>wish u had a good pic 4 me would like 2 c u<nl><nl>kk<nl><nl>call<nl><nl>:D<nl>,null,5eead0259078237536d2d62a4a230699,
p,47243a4a2c68f2f00899670d455a21fa,Awww babe<nl><nl>I'm sorwy<nl><nl>Vegas<nl><nl>Nevada<nl><nl>5-6 hours away<nl><nl>I'm n vegas lol<nl><nl>I'm n another state<nl><nl>I'm not n california<nl><nl>I do<nl><nl>But how can I went I'm n another state<nl><nl>Dis mornin<nl><nl>Lied bout wut.?<nl><nl>I didn't kno u were n tha bay<nl><nl>I can't drive 2 tha bay<nl><nl>I have 2 set up summthing<nl><nl>I have 2 plan a trip out there<nl><nl>Cuz I need a hotel money all that<nl><nl>Ya. I need money 4 a hotel lol<nl><nl>Naw<nl><nl>My money is 4 savin right now<nl><nl>I'm savin 4 a house<nl><nl>U can stay wit me if u want<nl><nl>Wen u can<nl><nl>U have money huh<nl><nl>Workd 4 it or givenn 2 u<nl><nl>I mean like work round tha house<nl><nl>Oh<nl><nl>Where ur dad stay.?<nl><nl>San bern right..?<nl><nl>Wow<nl><nl>Where.?<nl><nl>Let me kno<nl><nl>Y.?<nl><nl>Y not.?<nl><nl>I can c u at skool <nl><nl>Ill b able 2 c u<nl><nl>That's my work truck<nl><nl>I have a car 2<nl><nl>Ill drive my car<nl><nl>Exsplorer<nl><nl>A truck<nl><nl>Ford<nl><nl>Grey <nl><nl>Grey<nl><nl>Green<nl><nl>Black<nl>,null,f29cd1cb5e7fe83ff55cf6e07e469676,
p,9775a796b1ac00a2a756f530bf554582,hey you<nl><nl>nothing u<nl><nl>u there<nl><nl>i never have problem talking 2 othe ppl only u cause a delay<nl><nl>i dunno its killing me<nl><nl>the delay<nl><nl>its ok baby i love you<nl><nl>what u do today<nl><nl>:) good gurl<nl><nl>did u do what i wanted you to do today<nl><nl>how it feel?<nl><nl>did u go to school without panties<nl><nl>how was it qwierd<nl><nl>ok baby<nl><nl>im not baby<nl><nl>no ill only be mad if u lie 2 me as long as ur honest im happy<nl><nl>i agree with ya<nl><nl>no i ran off 2 ky<nl><nl>me 2<nl><nl>uea sorry trying 2 keep my unclrs dog outta trouble<nl><nl>exp;loring<nl><nl>my pc room<nl><nl>hes a lil asshole like his owner lol<nl><nl>a ptbull<nl><nl>a pitbull<nl><nl>hes mean<nl><nl>i miss my dog :(<nl><nl>she got ran over a couple monthes ago<nl><nl>its ok hun its part of life<nl><nl>i love you<nl><nl>aww<nl><nl>:)<nl><nl>whre are you?<nl>,null,9f5f67e677b93fce2561bb8a45cf66cd,
p,c62283536cf6261e5ffbcb323c8a2571,ok   have sweet dream's and i apolgize :x:-*<nl><nl>call me if you can and wake me up<nl><nl>:x:-*<nl>,null,bd0485be8067ec4674eadba7350e19bc,
p,a03edc2f70bbebc73ef3ba3f06968360,Hi gf<nl><nl>Whats up.<nl><nl>Missed lots gf<nl><nl>Cool thats awesome.<nl><nl>Dont dyke out with her ok<nl><nl>Nada went shopping<nl><nl>Makeout lol<nl><nl>Yeah<nl><nl>Ok<nl><nl>Unless u want to thats fine with me lol jk<nl><nl>So what u two doing today?<nl><nl>Cool what movie<nl><nl>Ok<nl><nl>:-*<nl><nl>Have u told sarah about u?<nl><nl>Us<nl><nl>Awww ur sweet<nl><nl>Loves u<nl><nl>Does sarah have bf<nl><nl>Ok loves u<nl><nl>Miss u<nl><nl>:-x<nl>,null,a62a81c16e4e3d9017c5bafeebe9ce9f,
p,39bd8b11509b5ddc5948b5b77f034ea1,hey been thinkin about you<nl><nl>ur not still introuble ru<nl><nl>well be cool so i cant make it over there you dont wanna get grounded<nl><nl>i dont wanna wait till the last minute what your adress<nl><nl>ok and make sure you have ur phone on sat cause im gonna call before i come just to make sure<nl><nl>yeah<nl><nl>i know its no problem for me i dont mind<nl><nl>yeah if i leave right from work can i shower at ur place<nl><nl>i didnt wanna scare you off thats why i said 45<nl><nl>im gonna mapquest it<nl><nl>you gonna have your phone<nl><nl>well i get off at 430 and im gonna get gas and cash my check so make it 5 sharp<nl><nl>did you save my #<nl><nl>i hope your mom really is gonna leave<nl><nl>hey is she able to check your messenger list<nl><nl>no i mean on here<nl><nl>you should always enter ur id and password in instead of auto login<nl><nl>well i guess were all set then<nl><nl>do you have nosy neighbors or know everyone around<nl><nl>ok well you should still have ur phone just incase i get lost or am running late i wont call untill im there and its really nesacerry<nl><nl>brb<nl><nl>hey the street nest to you is ocseola right<nl><nl>and your next to 75<nl><nl>better make it 730<nl><nl>i dont want you to wait outside too long<nl><nl>yeah between 630 and 730 you can expect me<nl><nl>whats a big shower<nl><nl>you gonna show me to a good time while im there<nl><nl>oh ill get it<nl><nl>man ur almost in miami<nl><nl>but not really<nl><nl>i had a shitty day at work today<nl><nl>i got a 90 day review today and my boss says people were complaing about me but they like to be really picky at my job<nl><nl>dumb stuff whatever they can find im getting tired of it all bout to start lookin elswhere i wanna be a personal trainer anyway<nl><nl>yeah they dont deserve me workin there<nl><nl>thats sweet:"<nl><nl>i got big shoulders<nl><nl>and a big cck<nl><nl>what time does she leave on sat<nl><nl>oh tommorow<nl><nl>yeah you definatetly gotta call me tomorrow but only after she leaves too<nl><nl>so by the time i get off work shell be gone<nl><nl>or no<nl><nl>she leavin at night<nl><nl>ok lets do that and keep everything the same time<nl><nl>yeah definately and call me at 5 just so i know everything is good<nl><nl>its gonna be fun<nl><nl>i gotta shower and stuff<nl><nl>bye<nl>,null,1948dcb8c34daa2251b579d0d15df7ee,
p,b4a8480c88776ca09e50c327a56f5e16,hello there<nl><nl>how have you been<nl><nl>was that good or bad that you went<nl><nl>oh too bad so sad<nl><nl>it was ok did one massage<nl><nl>did you do anything exciting<nl><nl>I drove by costco on Sat<nl><nl>I went by around one going to the ladies home to do her<nl><nl>I was almost out of her place by then<nl><nl>how did you do on your tests<nl><nl>ok<nl><nl>yes school is like that<nl><nl>yes I will be here<nl><nl>I may still be at midas getting my car fixed<nl><nl>I still want to meet you<nl><nl>no I'am having something check't out<nl><nl>to be honest I have no idea anytime after 4<nl><nl>tell me what are you thinking<nl><nl>ok<nl><nl>ok be good<nl><nl>bye<nl>,null,e323a1bcd0d0612fe6d2e395b34d3dd7,
p,a03edc2f70bbebc73ef3ba3f06968360,Gosh ur silly<nl><nl>Mwah<nl><nl>Going to get lunch.<nl><nl>What r u doing gf.<nl><nl>Yea am awake.<nl><nl>Nope<nl><nl>Did u miss me.<nl><nl>Awww<nl><nl>Dennys<nl><nl>Ur up early<nl><nl>Oh so ur alone sweet<nl><nl>Cool<nl><nl>So did u sleep good<nl><nl>Lol well u went to sleep later then me<nl><nl>Lol guess that plan backed fired<nl><nl>So did u think about it?<nl><nl>Sleeping half naked?<nl><nl>Ya to start slow<nl><nl>So u have a blanket to cover u<nl><nl>Ur be fine<nl><nl>Ur silly<nl><nl>Lol<nl><nl>:-*<nl><nl>Cool<nl><nl>Eating<nl><nl>Pancakes and eggs<nl><nl>For me its lunch<nl><nl>So eat silly<nl><nl>Lol<nl><nl>your silly<nl><nl>yea i left my webcam on allnite<nl><nl>forgot to turn it off<nl><nl>yea i did<nl><nl>no one i was just playing around with it<nl><nl>besides you didnt want to see me naked lol<nl><nl>yea but it wasnt boardcastting<nl><nl>unless you wanted to see lol<nl><nl>thats not what i asked<nl><nl>ok then<nl><nl>yes it is<nl><nl>ok its fine with me but what did you wanna see ?<nl><nl>thanks<nl><nl>just face then ok<nl><nl>lol<nl><nl>well am going to finish eatting ill log into my comp<nl><nl>when i get home<nl><nl>miss me lots:-*<nl><nl>yea i am<nl><nl>ill be back in a few ok gf<nl><nl>ok<nl><nl>:-*<nl>,null,42c5050f34c4e0d793d00ddf0b54141d,
p,0599cd3f7fc15849844468b0702ff593,hi<nl><nl>just looking for some information about my medical cases<nl><nl>wonderful<nl><nl>I am happy<nl><nl>that is wonderful<nl><nl>I like my king<nl><nl>why do you say that<nl><nl>we can have fun together<nl><nl>did he come back to you?<nl><nl>I will tell you what<nl><nl>If you touch his dick and suck it  he will be with you<nl><nl>that is crazy!!!<nl><nl>you need to suck a dick<nl><nl>yes<nl><nl>you will suck mine soon<nl><nl>?<nl><nl>You will see<nl><nl>I do<nl><nl>you can do things to me sexually. You can learn with me<nl><nl>I will fuck you if you ask me to do it<nl><nl>it will happen sooner that what you expect<nl><nl>what is not fair<nl><nl>lets pencil it for the week end<nl><nl>I am your friend for real<nl><nl>i wont lie to you<nl><nl>it willhappen<nl><nl>I will do all I can to meet you<nl>,null,5053426dbdb04979acd3989558f6158b,
p,fac3a2081264f1dbb943eaf7165d8fc3,:x<nl><nl>:-*<nl><nl>u that a 1st<nl><nl>u im me 1st<nl><nl>it was ok<nl><nl>how was yours<nl><nl>misssss uuuuuuuuuuuuuu last night<nl><nl>it ok i understand<nl><nl>u have fun<nl><nl>school<nl><nl>no bad night<nl><nl>i have one possition to finish up and for the life of me i could not get it right<nl><nl>after 3hr of fustration i told the instucted i was going home he was cool with it<nl><nl>so how my sexy lady doing<nl><nl>yea<nl><nl>not worried<nl><nl>just ok<nl><nl>your brother<nl><nl>any thing i can do :D<nl><nl>k<nl><nl>no school till next week<nl><nl>and i am never too tired for u<nl><nl>no cant pratice at home<nl><nl>no only with u<nl><nl>u know better than that<nl><nl>or u should by now<nl><nl>are u<nl><nl>k<nl><nl>so any thing excting going on<nl><nl>playing card and thinking about a sexy little lady U<nl><nl>:"<nl><nl>;;)<nl><nl>what are u doing<nl><nl>saltines<nl><nl>i c<nl><nl>steaks t-bones<nl><nl>barbques by me<nl><nl>what to go to dinner<nl><nl>k that was a yes or no question<nl><nl>your answer should have been yes but not tonight<nl><nl>or no not at all<nl><nl>k<nl><nl>c how easy that was<nl><nl>u thinking<nl><nl>care to share it with me<nl><nl>k<nl><nl>how sexy u are and waiting for a yes from u<nl><nl>how u dont mind<nl><nl>hope u dont mind<nl><nl>k<nl><nl>:x<nl><nl>dam thing is acting up again<nl><nl>sorry about that<nl><nl>u busy<nl><nl>O:-)<nl><nl>what your favor food<nl><nl>through with what<nl><nl>no<nl><nl>or is this that slow<nl><nl>meaning yahoo<nl><nl>k though u were just taking your time on answeing me<nl><nl>y<nl><nl>if u r busy i understand<nl><nl>k<nl><nl>what are we ordering<nl><nl>i c and what do u want<nl><nl>what i cant get me a straigh answer<nl><nl>ok<nl><nl>k<nl>,null,560597294a0198e0ee2d08648aa6bbcf,
p,23bffbccce4e395053495c68a5e15b68,hey u hung up on me<nl><nl>u gonna call me back<nl><nl>try?<nl><nl>didnt you like talking to me?<nl><nl>and so did u<nl><nl>u sounded sweet and sexy<nl><nl>when u call me back<nl><nl>no it isnt...we didnt even talk 5 minutes<nl><nl>I will take ya to buy another one<nl><nl>so dont worry about that<nl><nl>I dont even know where you live though<nl><nl>when u call me back<nl><nl>how long does that take.....its been almost 2 hrs<nl><nl>well they dont take much more than 2 hrs :-P<nl><nl>doesnt sound like you are to interested<nl><nl>how<nl><nl>well wedidnt even talk 5 minutes....geez<nl><nl>and I do want to come over but want to talk a lil more than 5 minutes on the phone<nl><nl>10 minutes or so....cause I want you to save a lil for when I am on my way tomorrow so u can call me and see where I am at<nl><nl>well that sucks<nl><nl>always somethin<nl><nl>here is a calling card I have....see if there is any minutes left on it<nl><nl>u have to call 1 800 487 7646 first<nl><nl>then the PIN number is 1237 5852 0621<nl><nl>did u get that<nl><nl>when<nl><nl>ok u get one then when I come there I will get you another one<nl><nl>are u gonna call me back after u getone?<nl><nl>well then ya<nl><nl>I really want to see u too<nl><nl>but want to talk a lil more than 5 minutes<nl><nl>I will come<nl><nl>u just call me<nl><nl>and why do u really really want to see me?<nl><nl>u ready to go all the way<nl><nl>u feelin horny?<nl><nl>hope its more than kinda when I get there :-P<nl><nl>ok then when u call me back u can give me your addy<nl>,null,65e27936cf4cfe13dc0f673d22dfffde,
p,c62283536cf6261e5ffbcb323c8a2571,hey<nl><nl>what's up<nl><nl>what are u doing thursday<nl><nl>o ok<nl><nl>i'll be there at 12<nl><nl>motorhome problems computer and not done packing<nl><nl>computer wasn't working<nl><nl>sorry<nl><nl>sure got to be in vegas friday<nl><nl>wheres your mom going to be<nl><nl>she will be there thursday<nl><nl>o ok<nl><nl>maybe<nl><nl>kewl<nl><nl>whatever you want<nl><nl>go run around naked outside somewhere<nl><nl>who cares<nl><nl>take pictures of you<nl><nl>nothing<nl><nl>you tellme so i'll know you<nl><nl>blue jeans and a sweatshirt<nl><nl>blue<nl><nl>dark<nl><nl>yes why<nl><nl>ok<nl><nl>crashed<nl><nl>keep crashing<nl><nl>can't stay on keeps crashing real bad<nl><nl>i'll be on at 10<nl><nl>i have 4 times<nl><nl>i'll be on at 10<nl><nl>got to reinstall software again<nl><nl>bye<nl>,null,d9f90c832d67041497e4936db4b82f4a,
p,e788b3a47e4d812ed26036a93272c134,hello<nl><nl>im good and u?<nl><nl>well i was workin on my comp but i got bored so i came online<nl><nl>cleanin it out so i can reinstall everything over again<nl><nl>something messed up on it and thats the only way i can fix it<nl><nl>yepp<nl><nl>its just a long process tho<nl><nl>anyway what have u been up to?<nl><nl>ok<nl><nl>have u been keepin up with what i told u to do?<nl><nl>did u get your finger in the hole?<nl><nl>how did it feel?<nl><nl>ok...did it hurt?<nl><nl>so why didnt u get your whole finger in that pussy hole?<nl><nl>its goin to feel different cause u never had that feelin before but u gotta do it tho<nl><nl>cause i wanna make sure that i can get my dick inside of u<nl><nl>do u think its possible to get my dick inside of u now?<nl><nl>i dont know cause u havent put your whole finger in there yet<nl><nl>u do want me to be able to get my dick inside of u right?<nl><nl>well thats why u need to finger that pussy for me<nl><nl>i know so baby<nl><nl>im here<nl><nl>well im wonderin if u goin to turn out to be a good lil slut for me<nl><nl>well i dont really know if u dont even finger your pussy everynite like i told u to do<nl><nl>i gotta get off of here now...so just do what i told u to do so i can know how good u goin to be for me ok<nl><nl>yeah..a friend of mine just came over here<nl><nl>ttyl and do what i said baby<nl>,null,e114435d244d6b7835087469893666d7,
p,0599cd3f7fc15849844468b0702ff593,I have you<nl><nl>I said hi several times and you didnt answer during the last few days<nl><nl>It said you were online<nl><nl>anyways  how are you doing?<nl><nl>it is OK<nl><nl>there are lots of good things to do<nl><nl>what happened<nl><nl>that is the first step towards healing<nl><nl>let it go<nl><nl>do it<nl><nl>that is the only way it will heal<nl><nl>yes<nl><nl>I would love to suck a dick<nl><nl>????<nl><nl>how did you do this week at school?<nl><nl>ok<nl><nl>tell me something interesting<nl><nl>good?<nl><nl>that means that it should be a better report<nl><nl>why?<nl><nl>tell me about it<nl><nl>ok<nl><nl>yes<nl><nl>he quit<nl><nl>yes<nl><nl>I am watching the Pistons<nl><nl>?<nl><nl>good<nl><nl>no<nl><nl>what?<nl><nl>ok<nl><nl>no tell me<nl><nl>Would you let me suck your dick?<nl><nl>ok<nl><nl>would you suck mine?<nl><nl>ok<nl><nl>I would like you to suck mine<nl><nl>i like you<nl><nl>thank you<nl><nl>what do you want to do to me sexually?<nl><nl>ok<nl><nl>You get my dick hard and I would like you<nl><nl>use your imagination. Think about the things that will get your dick hard<nl><nl>MMMMMM<nl><nl>then let me suck it<nl><nl>ok<nl><nl>I wont play with you<nl><nl>real<nl><nl>I would even swallow your cum<nl><nl>really<nl><nl>I do like you<nl><nl>u are wonderful<nl><nl>you are the only male to get me hard<nl><nl>I would love to take a lok at your dick<nl><nl>I like it<nl><nl>I would enjoy yours<nl><nl>really<nl><nl>you can place it anywhere in me<nl><nl>mouth  ass  anywhere<nl><nl>where would you like to place it?<nl><nl>I want you to be the one having fun too<nl><nl>you do anything you want with your dick<nl><nl>place it in my mouth  in my ass   masturbate on my face   masturbate on my butt  whatever<nl><nl>what do you mean?<nl><nl>go<nl><nl>next time go with me<nl><nl>no<nl><nl>dont you want to go?<nl><nl>go<nl><nl>?<nl>,null,92e6e18cb796eac6aacb424ea4712da5,
p,c62283536cf6261e5ffbcb323c8a2571,hi<nl><nl>how are u<nl><nl>great<nl><nl>ty<nl><nl>yes by the golf course<nl><nl>empire ranch rd<nl><nl>east of carson going toward dayton<nl><nl>yes<nl><nl>no<nl><nl>where in dayton do you live<nl><nl>o ok<nl><nl>do you have a b/f<nl><nl>are u guy'sclose<nl><nl>just wondering<nl><nl>you like older guy's<nl><nl>50<nl><nl>no do you<nl><nl>o ok<nl><nl>can't send you have the older version of yahoo<nl><nl>don't know to send<nl><nl>i can put one on my profile<nl><nl>theres one<nl><nl>your on mine<nl><nl>kewl<nl><nl>i'llm put a nude one on there<nl><nl>if you want me to<nl><nl>yes<nl><nl>beautiful photo<nl><nl>kewl<nl><nl>does anybody look at your computer<nl><nl>kewl<nl><nl>o ok<nl><nl>are you laughing<nl><nl>haveing problem's<nl><nl>it's on there<nl><nl>k<nl><nl>ty<nl><nl>hang on<nl><nl>ok<nl><nl>won't let me do it<nl><nl>chat with u tomorrow<nl><nl>i'll be on my web cam<nl><nl>1 p/m<nl><nl>ok<nl>,null,5f2d0546bc765209a1e44233fbfeab6c,
p,aebe7a87ad50fbad92d9931c49cae848,Hey cutie still here?<nl><nl>Busy?<nl><nl>Why?<nl><nl>What have you been doing?<nl><nl>Getting hit on a lot?<nl><nl>Have to be careful   lotta freaks out here<nl><nl>Cool<nl><nl>Smart girl<nl><nl>Yep<nl><nl>Good<nl><nl>Chicken and tater tots<nl><nl>Going out?<nl><nl>Can't oreder one here<nl><nl>2<nl><nl>OK<nl><nl>BRB<nl><nl>I lost my connection<nl><nl>Get the pizza ordered?<nl><nl>Cool<nl><nl>Sausage and ground beef<nl><nl>Yep<nl><nl>Lotta cheese<nl><nl>Just cheese?<nl><nl>Cool<nl><nl>dingy?<nl><nl>Ohh dingy  like loopy<nl><nl>LOL<nl><nl>Naaah<nl><nl>Just a girl<nl><nl>Yep. I stay busy<nl><nl>Camping in the wilderness a lot<nl><nl>She must work a lot<nl><nl>Long hours<nl><nl>Damn<nl><nl>Have other kids at home?<nl><nl>Darn<nl><nl>LOL<nl><nl>yep<nl><nl>Naah wait till you're older<nl><nl>Ohhh<nl><nl>Yeah  s the smell of diapers is rough<nl><nl>Nooo<nl><nl>Be careful lot of girls end up as mothers that didn't mean to<nl><nl>Be careful<nl><nl>Good<nl><nl>Be smart<nl><nl>Good<nl><nl>Uh huh<nl><nl>wWe'll see<nl><nl>Yep<nl><nl>girls mature faster than boys<nl><nl>Yep<nl><nl>Haven't got their priorities right<nl><nl>LOL<nl><nl>BRB<nl><nl>I used to be<nl><nl>no longer<nl><nl>5 years<nl><nl>Happy now<nl><nl>Yep<nl><nl>stilll here?<nl><nl>Cool enough to eat now huh<nl><nl>Dominos?<nl><nl>Cool<nl><nl>Ok go ahead and eat  yell when you get done<nl><nl>Ok <nl><nl>I'll be her unless i have to go on a fire call<nl>,null,eec035cef5131712eaada1d37db68b79,
p,1290ea419856093edf96b1263cb1ca1e,hi<nl><nl>how r u Aimee?<nl><nl>yes<nl><nl>so u came early tonight<nl><nl>what is heppening honey?<nl><nl>oh ok<nl><nl>it was expected by 1st and 2nd<nl><nl>so 2 days early?<nl><nl>yah<nl><nl>just 2 days<nl><nl>so how is ur mom?<nl><nl>many girls message me<nl><nl>so I have to chat for a while and say bye<nl><nl>no<nl><nl>just chat friends<nl><nl>most of them one time friends<nl><nl>no<nl><nl>ur age girls I found 2 or 3<nl><nl>nothing<nl><nl>just one more old friend Messaged me<nl><nl>she is mother of 2 kids<nl><nl>and now she is pregnent for the 3rd one<nl><nl>oh ok<nl><nl>so u will come back soon?<nl><nl>ok I will wait for u<nl><nl>:-*<nl><nl>ok<nl><nl>so where is ur mom tonight?<nl><nl>ok<nl><nl>I could not get u<nl><nl>so when ur expecting ur mom?<nl><nl>u said " I not like cramps "<nl><nl>what u mean by it?<nl><nl>its ok<nl><nl>so when u r expecting mom tonight?<nl><nl>possible<nl><nl>oh so ur alone tonight<nl><nl>so we can have good time<nl><nl>ok<nl><nl>u have to take care of ur health too<nl><nl>but ur mom will be there at home<nl><nl>ok<nl><nl>I will wait for u<nl><nl>ok<nl><nl>r u back?<nl>,null,1d842cd51af779db89e883ed31720916,
p,aebe7a87ad50fbad92d9931c49cae848,Heey<nl><nl>Iguess you had enough of me for the night<nl><nl>Sleep well<nl>,null,242ab3a7dbdfa88e70a8bb053c6e47bc,
p,a03edc2f70bbebc73ef3ba3f06968360,U there?<nl><nl>What u doing baby<nl><nl>Sweet thats cool<nl><nl>I got some awesome news for u<nl><nl>How much would u love me if i could get a bootleg dvd of the hp and half blood prince<nl><nl>I have a friend who can get any new movies be4 there out<nl><nl>Yeah and we wont have to wait to go c it in theater<nl><nl>Well he has to mail it to me it be a few weeks be4 i get tho that ok<nl><nl>But i well get for u.<nl><nl>Now tell me how much u love me.<nl><nl>Awwww mwah<nl><nl>Do i get a big kiss to<nl><nl>Yeah had a dream i was holding u.<nl><nl>Yeah i woke up smiling<nl><nl>What<nl><nl>Thxs<nl><nl>Kiss<nl><nl>Eating<nl><nl>Burger n fries.<nl><nl>No wendys eww<nl><nl>Yeah its the only cheap<nl><nl>Yeah thats good to<nl><nl>Do u save or delete thos vids i send u.<nl><nl>Ok just making sure.<nl><nl>I dont mind i was just wonder was all.<nl><nl>Mwah<nl><nl>Whatcha doing now<nl><nl>Cool<nl>,null,a5ca8c6f33196f22f311c253cea39960,
p,1eb17bd9642e93fa84969b71bf387a1b,hi<nl><nl>i got to work in morning but i cant sleep<nl><nl>u<nl><nl>that sucks<nl><nl>not much<nl><nl>bord huh<nl><nl>very bord<nl><nl>i should play with myself lol<nl><nl>whats funny feels good lol<nl><nl>did u ever play with it<nl><nl>nothing<nl><nl>your wet pussy<nl><nl>u dont like it<nl><nl>do u know what cum is<nl><nl>when u play with it finger it fast and it squirts juice out taking the pressure off its called cumming feels good just like a guy squirts out his cock<nl><nl>you make your self do it feels good thats what happens<nl><nl>ill teach ya girl lol<nl><nl>tell ya how your to young to do it wityh id go to jail if got cought<nl><nl>finger yourself till you cum your body will know what to do<nl><nl>then ill fuck ya lol<nl><nl>maybe would ya<nl><nl>cool<nl><nl>no i would if you didnt tell<nl><nl>ya<nl><nl>im fixed i cant get anyone pregnet you dont have to worry about that<nl><nl>i cant have no more kids they fix ya like a dog lol<nl><nl>cum gets you pregnet but i can cum in your pussy and it wont<nl><nl>im safe that way<nl><nl>why do u want to see how it feels<nl><nl>how olds she<nl><nl>cool<nl><nl>cool well up to u if you want it ill help ya out<nl><nl>hell ya u r a hottie<nl><nl>yep<nl><nl>i will lick it first that will make you really want it thats fun to<nl><nl>yep<nl><nl>its called forplay<nl><nl>let me ask u something<nl><nl>is your pussy getting wet thinking of that<nl><nl>cool<nl><nl>i can pick u up somewhere we can do it in my truck sometime<nl><nl>chevy<nl><nl>u ever hear of giving head<nl><nl>when u suck on a guys cock<nl><nl>oh<nl><nl>its ok told ya ill teach ya and you will be ready<nl><nl>well i need go to bed when do u want me to come meet ya<nl><nl>im off thgis weekend<nl><nl>k<nl><nl>when<nl><nl>k<nl><nl>edit<nl><nl>k<nl><nl>bye hunny<nl>,null,838fbfecc2157e1f1caa321403c58ad2,
p,d090448efc59f5f5b3b5c2875d070a3a,hi<nl><nl>when did u come from shop?<nl><nl>ok. no prob<nl><nl>Job for u?<nl><nl>ok<nl><nl>ur dad has car?<nl><nl>ok. good<nl><nl>Did u eat any when u go outside?<nl><nl>ohh good<nl><nl>where is ur dad now?<nl><nl>ok. fine<nl><nl>he will not come to ur room again?<nl><nl>ok. good<nl><nl>when do u sleep daily?<nl><nl>ok<nl><nl>did ur dad tell any thing about the schedule?<nl><nl>ok.<nl><nl>is it not posible to call me now?<nl><nl>ok. no prob.<nl><nl>carry on for sleep<nl><nl>:x<nl><nl>:-*<nl><nl>have good sleep. I am in ur pillow only<nl><nl>hug me<nl><nl>why?<nl><nl>ok<nl><nl>then what else?<nl><nl>when is ur scool?<nl><nl>I mean at what time it starts<nl><nl>Is it?<nl><nl>R u Korean?<nl><nl>I was in Seoul  South Korea for a project<nl><nl>It is very good place<nl><nl>yess<nl><nl>I went for a project on software<nl><nl>i was there for 6 months<nl><nl>Yes. I went to Singapore <nl><nl>India ofcourse<nl><nl>2 months back<nl><nl>u did not go to any other countries?<nl><nl>Why Darling?<nl><nl>It is so nice<nl><nl>why?<nl><nl>u afraid of flying?<nl><nl>It is very comfortable<nl><nl>I like it very much.<nl><nl>I will take u too some where<nl><nl>Oh. Good.<nl><nl>when is ur B'day?<nl><nl>date?<nl><nl>Good<nl><nl>why?<nl><nl>hahaha<nl><nl>it is good for some.<nl><nl>For chinees it is very bad<nl><nl>Then u will be 14 in this year?<nl><nl>Oh. Good<nl><nl>Mar12th<nl><nl>yes. but u did not wish me:)<nl><nl>as u did not know me at that time<nl><nl>hahaha. thank u for belated wishes<nl><nl>yes<nl><nl>u want to become big soon?<nl><nl>like to do job<nl><nl>when did u mature?<nl><nl>not that one.<nl><nl>I am asking about ur physical thing<nl><nl>i do not know how to ask<nl><nl>did u get it?<nl><nl>=))<nl><nl>ok tell me when?<nl><nl>how to ask:-?. when u have matured?<nl><nl>means u will get blood from Vagina....<nl><nl>what do u say it?<nl><nl>menses will be starting from then<nl><nl>ohhhh. yes<nl><nl>when u got first period?<nl><nl><nl><nl>r u there?<nl><nl>Ok. Good.<nl><nl>It is nice no<nl><nl>ok. fine<nl><nl>carry on. bye<nl><nl>confirm me tomorrow<nl><nl>:x :-*<nl><nl>gn =;<nl><nl>Bye<nl>,null,63f2f3284a36e3a9e9b8f69c0d6d7236,
p,ca2ac2fc60098c8f3346aed97ccacbec,hi<nl><nl>wusup<nl><nl>yeah?<nl><nl>i just got home<nl><nl>yeah :)<nl><nl>ran only 2 miles todat<nl><nl>was tired<nl><nl>haha<nl><nl>no you said lol so i laughed with you<nl><nl>yeah<nl><nl>are you sensitive?<nl><nl>like on what i say or when i laugh?<nl><nl>no<nl><nl>why would i do that<nl><nl>i would rather laugh with you<nl><nl>:)<nl><nl>i can be silly too<nl><nl>;)<nl><nl>yup<nl><nl>Friday finally!<nl><nl>yeah of course<nl><nl>isnt it?<nl><nl>:)<nl><nl>no work girl!<nl><nl>for 2 whole days<nl><nl>haha<nl><nl>i am being silly huh?<nl><nl>like a kid<nl><nl>so what did you do today<nl><nl>:)<nl><nl>good girl<nl><nl>:)<nl><nl>reading cnn<nl><nl>what are you doing<nl><nl>and chatting with you<nl><nl>mr sleepy?<nl><nl>oh ok<nl><nl>cool<nl><nl>i bet he is<nl><nl>and you are real cool too :)<nl><nl>yes you are :)<nl><nl>i feet are sore<nl><nl>kinda tired today :(<nl><nl>yeah<nl><nl>because of all the running<nl><nl>yeah<nl><nl>:)<nl><nl>haha<nl><nl>you do<nl><nl>oh you are<nl><nl>tough girl<nl><nl>yup<nl><nl>a big girl<nl><nl>lol<nl><nl>a mature girl?<nl><nl>yeah<nl><nl>yes i do<nl><nl>:)<nl><nl>good<nl><nl>whats for dinner<nl><nl>i see<nl><nl>and tomorrow and day after<nl><nl>what will you ear<nl><nl>eat<nl><nl>i see<nl><nl>dont know yet  i probably will go out<nl><nl>why?<nl><nl>:)<nl><nl>you wanna come too?<nl><nl>haha<nl><nl>not a tease<nl><nl>no i was laughing with ya<nl><nl>yup<nl><nl>havent decided yet<nl><nl>it depends what i feel like<nl><nl>italian<nl><nl>or mexican<nl><nl>yeah<nl><nl>Indian?<nl><nl>yeah?<nl><nl>you ear phillipino food at home?<nl><nl>oh ok<nl><nl>yeah<nl><nl>is fillipino food spicy?<nl><nl>i see<nl><nl>yeah<nl>,null,c2d77b7882b86ce88369b661ea279790,
